PADRESP10_250418180917.DAT,file0.dat,2025-04-18 18:09:17,5248104
PADRESP15_250418180918.IDX,file1.idx,2025-04-18 18:09:18,3648
PADRESP10_250418183732.DAT,file2.dat,2025-04-18 18:37:32,5251424
PADRESP11_250418180917.DAT,file3.dat,2025-04-18 18:09:17,5243796
PADRESP11_250418185407.DAT,file4.dat,2025-04-18 18:54:07,23272
PADRESP12_250418184050.IDX,file5.idx,2025-04-18 18:40:50,4288
PADRESP12_250418180917.DAT,file6.dat,2025-04-18 18:09:17,5245508
PADRESP12_250418184050.DAT,file7.dat,2025-04-18 18:40:50,5101300
PADRESP14_250418180918.IDX,file8.idx,2025-04-18 18:09:18,2704
PADRESP13_250418180917.DAT,file9.dat,2025-04-18 18:09:17,5262432
PADRESP13_250418184446.DAT,file10.dat,2025-04-18 18:44:46,3437844
PADRESP14_250418180918.DAT,file11.dat,2025-04-18 18:09:18,5255364
PADRESP14_250418184416.DAT,file12.dat,2025-04-18 18:44:16,3448560
PADRESP10_250418180917.IDX,file13.idx,2025-04-18 18:09:17,8160
PADRESP15_250418180918.DAT,file14.dat,2025-04-18 18:09:18,5255696
PADRESP15_250418184008.DAT,file15.dat,2025-04-18 18:40:08,5261828
PADRESP16_250418180918.DAT,file16.dat,2025-04-18 18:09:18,5244052
PADRESP16_250418184021.DAT,file17.dat,2025-04-18 18:40:21,5253828
PADRESP10_250418183732.IDX,file18.idx,2025-04-18 18:37:32,8640
PADRESP17_250418180918.DAT,file19.dat,2025-04-18 18:09:18,4617212
PADRESP162_250418180918.IDX,file20.idx,2025-04-18 18:09:18,1360
PADRESP162_250418180918.DAT,file21.dat,2025-04-18 18:09:18,10920
PADRESP10_250418185135.DAT,file22.dat,2025-04-18 18:51:35,1011296
PADRESP15_250418185239.DAT,file23.dat,2025-04-18 18:52:39,718816
PADRESP16_250418180918.IDX,file24.idx,2025-04-18 18:09:18,12160
PADRESP16_250418184954.DAT,file25.dat,2025-04-18 18:49:54,2562276
PADRESP12_250418180917.IDX,file26.idx,2025-04-18 18:09:17,4176
PADRESP13_250418184446.IDX,file27.idx,2025-04-18 18:44:46,3392
PADRESP15_250418185239.IDX,,2025-04-18 18:52:39,
PADRESP13_250418180917.IDX,file28.idx,2025-04-18 18:09:17,4080
PADRESP14_250418184416.IDX,file29.idx,2025-04-18 18:44:16,1744
PADRESP16_250418184021.IDX,file30.idx,2025-04-18 18:40:21,8960
PADRESP17_250418180918.IDX,file31.idx,2025-04-18 18:09:18,25136
PADRESP15_250418184008.IDX,file32.idx,2025-04-18 18:40:08,3648
PADRESP16_250418184954.IDX,file33.idx,2025-04-18 18:49:54,4032
PADRESP11_250418180917.IDX,file34.idx,2025-04-18 18:09:17,3344
PADRESP10_250418185135.IDX,file35.idx,2025-04-18 18:51:35,1552